{
    "Clicks": {
        "min": 3317984.0,
        "max": 4988486.0
    },
    "Impressions": {
        "min": 10107623.0,
        "max": 15128651.0
    },
    "Conversion_Rate": {
        "min": 0.07313829787234043,
        "max": 0.08725
    },
    "Acquisition_Cost": {
        "min": 6923.387106598985,
        "max": 8582.413731343284
    },
    "ROI": {
        "min": 3.4457847533632284,
        "max": 4.520659340659341
    },
    "ctr": {
        "min": 0.0,
        "max": 1.0
    },
    "cost_per_click": {
        "min": 0.0,
        "max": 1.0
    },
    "clicks": {
        "min": 15.014868228926648,
        "max": 15.422643215338518
    },
    "impressions": {
        "min": 16.128800548539544,
        "max": 16.532100987281176
    },
    "conversion_rate": {
        "min": 0.0,
        "max": 1.0
    },
    "roi": {
        "min": 0.0,
        "max": 1.0
    }
}