{
    "coefficients": [
        -0.26621486279514545,
        -0.01953092357725626
    ],
    "intercept": 6.997482558954246,
    "timestamp": "2024-11-22T00:02:54.013981"
}