{
    "Clicks": {
        "min": 3424150.0,
        "max": 5232722.0
    },
    "Impressions": {
        "min": 10403845.0,
        "max": 15867292.0
    },
    "Conversion_Rate": {
        "min": 0.07110047846889953,
        "max": 0.08689189189189189
    },
    "Acquisition_Cost": {
        "min": 6892.250913705583,
        "max": 8640.843957219251
    },
    "ROI": {
        "min": 3.5400478468899523,
        "max": 4.546033519553073
    },
    "ctr": {
        "min": 0.0,
        "max": 0.9242995290075188
    },
    "cost_per_click": {
        "min": 0.0,
        "max": 1.0
    },
    "clicks": {
        "min": 15.046364115738662,
        "max": 15.470442350645474
    },
    "impressions": {
        "min": 16.157686103441897,
        "max": 16.579770504544346
    },
    "conversion_rate": {
        "min": 0.0,
        "max": 1.0
    },
    "roi": {
        "min": 0.0,
        "max": 0.8717658614417035
    }
}