{
    "Clicks": {
        "min": 3186837.0,
        "max": 5111747.0
    },
    "Impressions": {
        "min": 9714603.0,
        "max": 15512011.0
    },
    "Conversion_Rate": {
        "min": 0.06986725663716814,
        "max": 0.08847826086956523
    },
    "Acquisition_Cost": {
        "min": 6704.915000000001,
        "max": 8786.752906976744
    },
    "ROI": {
        "min": 3.506237623762376,
        "max": 4.398054054054054
    },
    "ctr": {
        "min": 0.0,
        "max": 1.0
    },
    "cost_per_click": {
        "min": 0.0,
        "max": 1.0
    },
    "clicks": {
        "min": 14.974539760604529,
        "max": 15.447051978049783
    },
    "impressions": {
        "min": 16.0891408782542,
        "max": 16.557125249498963
    },
    "conversion_rate": {
        "min": 0.0,
        "max": 1.0
    },
    "roi": {
        "min": 0.0,
        "max": 1.0
    }
}