{
    "Clicks": {
        "min": 2032011.0,
        "max": 3187532.0
    },
    "Impressions": {
        "min": 6798237.0,
        "max": 10630526.0
    },
    "Conversion_Rate": {
        "min": 0.07279620853080569,
        "max": 0.08735576923076924
    },
    "Acquisition_Cost": {
        "min": 6906.615233160622,
        "max": 8646.32766497462
    },
    "ROI": {
        "min": 0.6131356138909306,
        "max": 0.8075175757192301
    },
    "ctr": {
        "min": 0.0,
        "max": 1.0
    },
    "cost_per_click": {
        "min": 0.0,
        "max": 1.0
    },
    "clicks": {
        "min": 14.524536993174884,
        "max": 14.974757821336404
    },
    "impressions": {
        "min": 15.732174018922498,
        "max": 16.17924032575905
    },
    "conversion_rate": {
        "min": 0.19154134326108307,
        "max": 1.0
    },
    "roi": {
        "min": 0.0,
        "max": 1.0
    }
}