{
    "coefficients": [
        -0.003990651878394284,
        -0.08883187781404091
    ],
    "intercept": 5.98284164655601,
    "timestamp": "2024-11-22T00:03:03.260976"
}