{
    "coefficients": [
        -0.12120058577412152,
        -0.05991673689776479
    ],
    "intercept": 6.508454900362905,
    "timestamp": "2024-11-22T00:03:21.636152"
}